Age,Income,Buy_House
63,126200,1
20,58607,0
46,47550,0
52,71366,1
56,121372,1
35,82584,0
37,130452,1
60,76664,1
40,115879,1
51,118786,0
50,132084,0
67,81452,1
65,146676,0
27,61776,0
50,137077,0
64,92295,1
50,51173,1
65,69644,1
43,104653,1
37,68430,0
32,68148,1
54,82277,1
50,101832,1
34,71882,0
22,138553,0
67,124196,1
21,67654,0
20,52288,0
38,148807,1
57,22195,0
20,103618,0
38,34252,0
65,109884,1
66,120653,1
25,106076,1
59,25699,0
53,61651,1
46,37838,1
56,114254,1
51,138886,1
39,55717,1
48,89116,0
45,146261,1
52,138959,1
51,149514,1
30,76257,1
58,89835,0
21,30316,0
60,130038,0
23,127574,0
18,48056,0
29,128836,1
52,62628,0
28,95738,0
40,93065,1
31,141093,1
36,126227,0
54,141711,0
33,74527,1
61,52727,1
45,57168,1
62,42042,0
48,78162,1
24,28670,0
63,110285,1
69,101109,1
44,41031,0
34,124722,0
24,69191,0
32,33890,1
57,83874,1
29,132269,0
25,41973,1
19,85854,0
61,87333,0
55,121590,1
43,65285,1
68,149378,1
38,86361,1
67,109417,1
30,21832,0
36,41010,1
35,98291,1
19,145114,0
69,68040,1
62,114189,0
59,140888,0
66,47512,1
45,25038,0
67,141344,1
40,35709,0
21,143459,1
21,115414,0
29,32844,0
39,74889,1
43,119424,0
57,127751,1
59,135075,0
52,69865,1
21,146168,0
29,107358,1
21,26694,0
69,49141,0
48,28026,0
24,110973,0
27,89400,1
41,40926,0
32,73757,1
56,140970,1
37,76888,0
24,108457,0
30,133310,0
45,136020,0
56,87447,1
35,119539,0
64,56994,1
28,86100,1
53,34675,0
53,84199,1
19,42439,0
65,141058,1
63,127939,1
34,53223,1
23,48634,0
58,30463,1
63,148773,0
40,78363,1
64,135424,1
33,61575,1
58,33059,0
43,49265,1
63,102270,1
67,99144,1
18,64402,0
53,60981,1
47,95452,1
19,113861,0
37,50051,1
22,141031,0
48,125334,0
25,47509,0
47,51598,1
56,74900,1
19,87328,0
30,76899,0
21,115264,0
62,131945,0
69,84699,0
25,121725,1
56,23391,1
42,120293,1
24,53484,0
31,125642,1
46,31231,1
62,40504,0
38,100750,0
54,32097,1
66,97288,1
50,120948,1
58,67956,1
42,56371,1
63,123096,0
31,103832,0
26,90815,1
32,87595,1
24,82129,0
19,40453,1
48,21329,0
24,141764,0
58,45773,0
28,57295,0
30,62714,1
30,118505,0
43,63290,1
60,77206,0
67,77077,1
25,127377,0
31,120534,0
62,85174,1
19,53826,1
59,20670,0
32,143568,1
41,89436,0
51,130759,0
21,144311,0
35,117820,1
42,85506,1
64,70390,1
41,58860,1
23,23737,0
51,46421,0
68,84385,1
55,60947,1
20,63463,0
36,53027,1
64,36072,0
63,105762,1
53,141853,1
36,67987,1
45,75198,1
64,142313,1
27,87120,0
35,31970,0
21,47957,0
29,63205,1
44,104711,0
46,46902,0
29,106642,1
28,38914,1
21,86870,1
63,142949,1
41,79948,1
43,109163,1
45,93054,1
64,111683,1
21,95532,0
53,124076,0
32,72505,1
39,75873,1
66,131218,1
41,60876,1
41,134802,0
54,108853,1
22,82728,0
23,141435,0
66,51471,0
27,101000,1
20,123625,0
55,103261,1
51,30097,1
23,87541,0
27,131697,0
33,31387,1
46,65073,1
20,69852,0
28,84859,0
54,149884,1
21,113176,0
66,74234,1
21,60650,0
41,36700,0
45,52433,0
52,59107,1
55,26436,0
67,91211,0
41,36730,1
39,139399,1
43,38946,1
35,137146,0
20,114614,0
63,64017,1
28,44180,0
26,130145,0
50,24010,1
43,116450,0
53,96903,1
21,94040,0
69,126845,1
19,70764,1
25,90535,0
24,59378,0
53,81932,0
51,136658,1
57,29944,0
36,114279,1
46,93196,0
56,131523,0
23,60428,0
27,98142,1
58,96188,1
59,107904,0
22,61177,0
41,28299,0
58,25946,1
39,34613,0
43,95332,0
68,22978,0
54,131232,0
62,76304,1
46,64515,0
53,73210,1
37,118224,0
35,60596,1
57,120874,0
62,62049,0
58,65563,0
32,79201,1
32,65247,1
41,73514,1
46,143272,0
34,130721,0
66,101379,1
64,86550,1
42,100131,0
33,54126,1
67,71921,1
34,66682,0
64,98199,1
64,149912,0
38,116349,0
61,114442,1
65,130663,1
44,48278,0
22,141682,0
39,113779,0
50,26193,0
57,105419,1
19,121662,1
52,72956,0
60,84977,1
36,149513,1
57,68468,0
44,140864,1
57,22697,0
53,22892,0
56,29150,0
19,62431,0
58,60845,1
35,68144,0
63,97693,0
40,122197,0
43,39452,1
28,53233,1
65,111936,1
18,106283,1
53,73110,1
67,146527,0
37,25793,1
48,122088,0
25,103001,0
57,38526,0
41,105343,1
37,52893,1
32,33303,0
47,147809,1
37,71512,1
55,142118,1
19,70867,0
23,47306,1
59,69153,0
35,125916,1
53,57212,1
31,33713,1
43,112696,0
51,80153,1
47,28230,0
24,21693,0
47,111181,1
35,28116,1
39,55515,1
34,108025,1
48,142555,1
34,117658,0
48,120048,0
30,112294,1
44,147966,1
37,21919,0
34,76202,1
46,87552,0
56,21230,0
52,144783,1
25,137778,0
60,136769,0
55,74379,1
32,27599,0
67,87569,1
18,30785,0
50,23151,0
20,39099,0
56,50204,1
55,46013,0
65,94664,1
32,80710,1
59,120160,0
35,114420,1
55,128929,1
48,149321,0
37,86934,1
24,74378,0
54,91735,0
44,146569,0
25,120811,0
31,45640,0
67,148460,1
32,141780,0
24,139525,1
50,147928,1
69,49292,0
51,63021,1
21,26921,0
18,55366,0
58,90878,1
31,130029,1
48,139283,0
55,116246,1
67,21281,0
37,105673,1
20,43216,0
52,120850,1
63,76996,1
50,57962,1
32,127044,1
20,46847,0
45,34931,0
44,105879,1
64,57259,1
64,39398,0
50,63397,1
36,140941,1
50,78741,1
48,98078,1
21,30469,1
49,47875,0
59,130591,1
45,66278,1
33,144575,1
66,117258,0
60,53248,0
45,31953,0
32,129987,1
65,36667,0
39,46806,0
48,48109,0
38,127651,1
49,25041,0
24,133035,0
50,52657,1
25,96850,0
31,52073,0
42,42987,1
49,100491,1
45,70748,1
19,141281,0
34,144707,0
44,79197,0
19,129961,0
25,80733,1
55,46987,0
37,134717,1
66,57435,0
54,82800,0
38,68405,1
43,83076,1
48,134040,1
37,142059,1
23,96320,1
67,57151,1
32,80495,1
18,113142,1
43,135737,1
46,77486,1
19,41598,0
39,35524,1
46,62313,0
26,71963,1
58,29584,0
38,134900,1
49,28358,1
49,110686,0
64,106326,1
61,86467,1
57,35447,0
43,134630,1
65,67447,1
30,99379,1
20,145931,1
49,94756,1
50,26020,0
50,143828,0
59,127505,0
59,100207,0
30,21456,0
60,51635,1
23,140087,0
21,28043,0
55,34595,0
23,111396,0
68,67752,1
20,55760,0
44,143190,0
57,69938,1
37,63682,0
35,53466,1
37,102667,1
47,50727,0
27,120955,0
69,139575,1
40,78784,1
64,104883,0
20,46970,0
69,149300,0
67,135544,1
26,148998,0
66,138987,1
36,26264,0
53,22302,0
57,129608,1
44,40314,0
59,20393,1
45,135388,1
60,101024,1
68,38675,0
25,133326,0
59,147934,1
65,106417,0
25,56099,1
35,112211,1
38,60338,0
63,83660,1
30,27759,0
44,121737,0
64,118181,0
57,135459,1
33,84741,1
57,75297,1
26,122590,1
44,30508,0
34,31395,0
20,133164,0
21,120989,1
57,131976,1
69,95123,1
18,38575,0
31,106352,1
25,109134,1
24,129211,0
47,102542,1
42,93185,0
56,93173,1
33,63481,1
28,133725,1
42,140811,1
50,88153,1
69,129474,1
68,78352,1
65,80695,0
38,129869,0
69,68211,1
69,144075,0
27,22239,1
67,136110,0
26,85227,0
18,72511,1
51,75129,1
48,44629,0
38,69605,0
41,61429,0
36,76631,1
65,140082,1
38,99052,1
42,139581,0
37,122122,1
43,105014,1
24,68764,0
20,127894,0
57,28249,1
65,147124,1
25,29788,1
47,115002,0
28,26405,0
25,75768,0
54,104113,1
34,29402,0
25,116752,1
64,110273,1
61,69052,1
47,60684,0
60,37528,0
60,100726,1
33,84951,0
21,108448,0
38,89406,1
67,143712,1
51,119014,0
57,33732,0
52,114564,1
30,45258,0
60,72671,1
44,104573,1
25,95362,1
58,106851,1
59,67748,1
46,73776,1
33,38097,0
60,74295,1
63,43680,1
22,62953,0
54,72618,1
57,133260,1
57,145733,1
59,59910,1
27,20311,1
32,84095,0
38,31650,0
51,139443,0
39,130339,1
39,95597,1
26,94105,0
43,55305,0
30,57083,0
35,103398,1
18,36032,0
40,38873,1
50,46043,0
64,131061,1
48,76748,1
38,135843,0
40,117136,1
33,30971,0
44,90444,0
54,37370,1
55,26928,1
69,143719,1
31,122118,1
54,65425,0
64,111126,1
24,143130,0
29,89793,0
45,23863,0
20,147638,1
39,71612,1
68,70644,0
38,79838,1
46,114800,1
37,131930,1
20,46806,1
44,96608,1
38,51041,1
58,20992,1
50,132822,1
47,144882,0
65,117199,1
56,68979,1
58,148134,1
26,57613,0
65,94290,1
55,127451,0
40,72317,1
40,138975,1
18,123959,1
38,95492,1
49,126452,1
62,59649,1
43,24717,0
50,81752,1
26,131866,0
34,79127,0
23,89462,0
63,143897,1
24,53043,0
24,57253,0
54,51623,1
22,74310,0
50,117339,0
67,115246,1
27,29326,0
34,50663,0
57,35219,0
45,109482,1
64,92670,0
63,82766,1
39,56633,0
38,102510,1
64,67680,1
49,123181,0
49,106901,1
68,49038,1
53,81151,0
48,115128,1
23,137425,0
38,97669,1
52,42263,0
31,139589,1
40,121483,1
59,55561,1
41,122230,1
47,128042,1
27,109052,0
22,62567,0
59,108022,1
47,110571,1
24,145317,0
23,26278,0
25,133887,0
69,141723,1
43,55854,1
35,119943,1
53,149570,1
43,119215,1
53,124164,0
58,26472,1
21,87577,0
30,37803,0
41,56836,0
48,147501,1
39,28919,0
57,94160,1
35,79205,1
51,114161,1
40,118835,1
56,54332,1
64,141840,0
54,100225,1
64,139691,1
18,135073,0
59,69803,0
37,143090,1
64,85225,1
42,147929,1
23,119482,0
69,48847,1
47,131251,1
37,25474,0
26,56689,1
65,81094,1
66,81520,0
35,21463,0
57,22712,0
20,119539,1
53,46302,0
23,28023,0
61,52793,1
55,120907,0
18,43590,0
36,51512,1
55,127654,0
45,144432,0
64,78995,0
26,68091,0
64,37957,1
27,89672,1
41,35635,0
43,127233,1
25,71621,1
22,35690,0
30,108413,1
39,96482,1
51,31918,0
42,122478,0
40,141410,1
58,133994,0
65,70274,0
38,42613,0
20,48049,0
25,20428,0
63,66066,1
67,36358,1
56,141661,0
68,86684,0
56,57939,1
39,73522,1
62,88653,1
28,66119,1
40,95664,1
66,146837,1
33,80342,0
69,124494,0
68,84704,1
45,88607,1
52,81218,1
59,28408,1
46,77992,1
55,136237,1
23,86489,0
66,27566,0
31,30066,0
46,26888,1
66,35982,0
45,72823,1
27,33418,1
63,102481,1
64,48639,0
21,124655,1
41,93014,1
19,85482,0
63,93162,1
46,42719,0
42,50678,1
48,22855,0
64,78666,1
68,60531,1
63,139929,0
32,137478,1
55,116450,1
50,36741,1
67,40497,1
66,42695,0
25,86263,0
57,124147,1
33,117421,1
55,113460,0
61,80692,1
58,133546,1
51,81996,0
23,127938,0
56,83085,1
57,139203,1
66,147915,0
40,37544,1
67,103969,1
38,139890,1
52,112577,0
64,130655,1
46,35413,0
52,58472,0
19,72434,1
50,116766,1
43,53662,1
61,108184,0
49,105200,1
35,85644,1
51,20401,0
47,83268,0
61,136498,1
40,94212,0
65,141946,0
37,62038,1
63,122123,1
40,77685,1
57,39602,0
25,35687,0
31,131561,1
40,73615,1
63,123228,1
31,62217,1
19,81721,0
21,103955,1
41,95257,1
68,110665,1
53,42344,0
26,105188,0
33,94566,0
49,94365,1
49,86660,1
44,41806,0
32,39606,0
66,132111,1
21,34713,0
53,43856,0
42,126981,1
32,116627,0
29,31931,0
24,72514,1
53,62591,0
41,20499,0
23,102957,1
65,127648,1
58,110094,1
62,49687,1
48,71956,1
38,90577,1
28,40682,1
33,32611,1
31,122692,1
42,96987,0
31,26981,0
55,132795,0
35,93936,1
31,79134,1
41,89716,1
68,39966,1
25,104137,0
62,117776,1
42,68625,1
51,124901,1
62,51508,1
61,101493,1
45,21353,0
41,36872,1
35,96739,1
51,45680,0
59,28310,0
20,128286,1
29,84019,1
53,143086,1
22,38201,0
36,129924,0
29,44182,0
44,41333,1
34,26310,0
60,86630,1
45,41048,0
57,38216,0
39,120111,1
27,50953,1
58,105270,0
23,28066,0
34,59158,1
29,117796,1
23,100584,0
60,103086,0
39,56761,1
67,42285,1
33,112457,1
21,81553,1
42,36378,1
50,74688,1
18,115641,0
32,115682,1
34,134835,0
60,49586,0
36,47430,1
67,104784,1
36,34329,0
37,148324,1
18,123390,0
40,21528,1
33,96179,0
41,32140,0
37,58500,1
32,90891,1
41,30644,0
54,111251,1
58,126832,1
50,121128,1
49,106226,1
48,128479,1
32,95316,1
18,117891,1
66,93724,1
29,106892,0
52,79564,1
54,100375,1
65,26097,0
47,132222,1
43,141039,0
28,123120,0
49,21432,0
19,115767,1
27,54928,0
63,69615,1
39,143305,1
26,114489,0
47,37696,0
42,141765,1
38,142676,1
35,90935,1
37,51042,0
68,117879,1
57,120765,1
33,58343,1
66,64753,0
56,95268,1
52,140498,0
46,78932,1
63,25294,1
47,143257,1
69,43881,1
65,111902,1
20,146575,1
49,112104,1
31,139173,1
43,136189,0
22,137036,0
45,70595,0
25,139054,0
62,112873,0
65,125040,1
50,114636,0
53,74278,1
30,108211,0
37,95604,0
35,37992,0
68,96105,1
67,46690,0
37,104507,0
60,33612,0
50,36073,1
38,125414,0
63,123451,1
41,67653,1
45,107940,1
22,144390,0
47,59764,1
60,81627,0
41,23694,1
56,128996,1
31,117125,1
53,57940,1
53,29834,0
43,29121,0
30,110194,1
57,64539,0
38,78936,1
43,147979,1
51,49594,0
57,90684,1
31,104920,1
38,51226,1
60,113913,1
66,94273,0
64,116409,1
67,85412,1
36,118493,1
29,58107,0
53,144727,1
47,23895,1
61,45669,1
50,27526,0
61,115247,1
40,72169,0
58,25962,0
30,122045,1
45,97915,0
45,45937,0
36,30322,0
54,88113,1
48,37250,0
67,23830,0
59,24501,0
56,63573,0
34,56271,1
45,67137,1
21,54196,1
23,137222,0
36,60494,1
40,26058,1
57,46150,0
62,127303,1
59,120714,1
23,45957,0
41,26109,1
39,59927,1
38,102616,0
31,49578,1
41,137451,0
42,29464,0
34,126095,1
68,81387,0
63,35020,0
52,95033,0
34,101727,1
45,125941,1
19,71615,0
51,135645,0
18,83165,0
64,112649,1
20,77113,0
39,33724,0
59,33287,0
21,137031,0
32,61010,1
53,89979,1
56,135647,1
29,139370,0
54,39773,1
65,81949,1
58,21943,0
24,59023,0
48,123348,1
22,41061,0
44,25368,0
42,135561,0
34,92482,1
45,124415,1
44,54999,1
43,48966,0
66,56504,1
46,133607,0
44,107489,1
34,26849,1
55,102012,1
33,48945,1
26,58458,0
49,116118,1
18,68499,0
26,141950,1
67,56392,1
24,77001,0
61,69271,1
54,91619,1
57,112265,1
68,29034,0
62,53896,1
23,80940,1
54,32028,0
56,75602,1
21,22328,0
66,64062,1
54,137377,1
27,46753,1
27,134765,0
66,45476,0
52,136091,1
25,127594,0
40,74758,1
66,21998,0
69,78987,1
24,138512,1
19,49406,0
55,31766,1
37,116159,0
48,127723,0
47,80033,1
65,120895,1
42,132982,1
27,124825,0
34,89874,1
26,94324,1
60,96992,0
49,58443,0
41,71679,1
33,101717,1
63,119938,1
29,23879,0
52,131584,1
60,69116,0
64,95508,1
63,33641,0
34,137470,1
46,108994,1
53,119989,1
52,46740,0
21,39224,0
24,49717,0
36,70580,0
64,55049,1
45,85352,1
58,66163,1
39,116068,1
38,32861,1
22,116649,1
62,82747,1
66,138271,1
49,143711,1
18,137996,1
37,88789,0
45,30572,0
61,127015,0
65,23879,0
54,48716,0
29,84082,0
35,28122,0
62,63670,0
68,94319,0
67,78369,0
22,60534,0
48,48554,1
19,135772,0
62,69413,1
26,94397,0
19,117220,0
35,130282,0
52,117909,0
61,130404,1
42,129167,0
33,90063,1
58,135926,1
61,108287,1
63,149904,0
37,71270,1
21,24876,0
49,32881,0
69,110889,1
37,108278,0
56,121719,1
32,139146,0
35,105816,1
24,21219,1
20,140533,1
25,49686,0
46,95260,0
25,119462,0
18,116115,0
60,81164,1
38,142439,0
56,89998,0
62,115270,1
19,115538,0
51,64283,0
38,103806,1
65,136112,0
50,29106,1
56,117327,1
57,92939,1
24,93607,1
32,115707,1
26,149269,1
47,107035,1
61,42754,1
68,40078,0
34,87409,1
55,130362,1
58,32660,0
56,48192,0
65,47242,1
38,27684,0
20,117886,0
54,70903,1
34,88955,0
34,86245,1
28,45555,0
27,105144,0
18,120590,0
27,138324,1
42,94910,1
33,60917,1
55,87750,1
49,117796,1
69,96496,1
42,116941,1
30,147873,0
60,22150,0
33,32991,1
67,148490,1
58,75878,0
37,62903,1
45,133707,0
25,93010,0
48,106552,1
45,43058,0
46,99621,0
59,60663,1
51,137776,1
54,147975,1
59,133549,0
37,82944,1
22,96230,0
44,43571,1
54,35696,0
54,94058,0
48,143591,1
50,127256,1
65,94957,1
49,133058,0
34,107699,1
60,145089,1
40,64723,1
65,112816,1
62,109041,0
58,81793,1
54,144251,1
34,77298,1
65,70262,0
35,43164,0
31,28773,1
33,92452,1
41,105342,1
56,37222,0
20,32423,1
30,96605,1
56,69854,0
38,147364,1
36,67457,1
33,22611,0
45,110445,0
22,94141,0
25,82445,1
32,147805,1
26,84763,1
35,110953,0
37,134015,1
53,21549,0
62,60009,1
61,46232,1
43,122582,1
19,82090,0
55,37178,1
23,31778,0
20,77517,0
38,136235,0
40,82700,0
43,54765,1
66,88980,1
39,75308,1
37,42763,0
62,85572,1
47,92580,1
49,78295,0
65,99294,1
19,95543,0
65,84430,0
57,136724,1
56,57791,0
55,143812,1
47,50725,1
49,71640,1
44,49933,1
29,112047,0
63,32255,0
40,111334,1
32,139976,1
52,117918,0
58,76951,1
67,138087,1
60,21411,0
20,121663,0
32,39899,0
22,91986,1
45,79160,0
57,84903,1
27,90620,1
63,49515,1
39,120883,1
20,83595,0
67,99870,0
56,52803,1
55,61287,1
53,32648,0
61,132567,1
19,80565,0
42,73924,0
55,143387,1
47,100056,0
23,127478,0
32,92250,0
38,23346,0
37,116068,1
30,45241,1
28,145539,1
21,93714,1
51,97112,0
31,64224,1
55,100392,0
29,124992,1
31,40638,1
31,33761,0
42,122862,1
36,131165,1
35,86612,0
66,128111,1
29,37038,0
20,126894,0
54,77593,0
26,121918,1
46,88269,0
45,82043,1
39,77591,1
18,107683,1
29,148922,1
21,90160,0
41,141111,0
20,67598,0
23,42648,1
18,97057,0
34,21383,1
20,87956,1
68,92721,0
20,52194,1
26,83023,0
35,138384,1
50,23266,0
60,115807,1
43,130081,0
39,56208,1
18,56835,0
36,41780,1
23,114372,0
43,85734,0
38,148471,0
22,45686,0
35,41246,0
62,142755,1
32,77645,1
37,123041,0
65,63391,1
45,35209,0
54,70411,0
68,40992,0
26,104854,1
43,61813,0
37,41166,0
60,103068,0
24,88706,0
68,47177,0
26,85292,1
50,114227,0
39,77933,0
18,148453,0
25,82889,0
67,95326,0
51,130072,1
65,102515,1
56,52157,1
42,46193,0
50,102688,1
26,114665,1
61,56927,0
61,40448,0
66,55213,1
34,132627,1
28,68537,0
36,80861,1
39,130730,1
26,59588,0
27,133435,0
42,50438,0
38,26786,1
28,80848,1
37,30056,0
29,32191,0
56,76308,1
67,83632,0
32,143297,1
23,25622,1
34,107982,1
22,63769,1
32,23230,0
49,76930,1
65,114216,1
68,60385,0
20,20713,1
20,87481,0
32,45809,0
65,76559,1
49,70800,1
25,141182,0
23,60719,1
22,141369,0
64,59883,0
33,45192,0
63,134120,1
34,124630,1
56,63574,1
22,85693,0
41,66361,1
44,98510,1
42,133509,1
38,20762,0
63,112910,1
25,131230,0
63,75413,0
51,88913,1
32,70568,1
52,42314,0
43,51560,1
53,129922,1
51,137258,1
52,146529,0
32,38781,0
20,113951,1
58,147996,0
26,148356,0
53,62999,1
69,64274,1
60,30281,0
43,103951,0
27,121682,0
47,29136,0
59,60244,1
53,134933,0
34,130524,1
42,32121,0
28,125337,0
64,101208,1
48,22792,0
29,88811,0
42,149961,1
43,45878,0
56,102431,1
30,96064,0
47,71322,1
20,136462,0
48,100678,1
38,137945,1
63,130117,0
52,133297,1
46,50168,1
30,133632,1
47,37131,0
23,75645,1
28,86481,0
28,78791,0
21,147818,0
67,111126,1
39,116197,1
51,51849,1
47,83607,1
22,88937,1
48,46818,0
45,45785,0
48,58573,0
40,134139,1
20,133255,0
52,35149,0
38,87938,1
38,73441,0
27,55856,0
29,83299,0
44,137416,1
54,149779,1
29,73114,0
40,126298,0
39,59522,1
40,131855,1
40,95018,1
32,80724,0
43,95903,0
45,58050,0
30,143525,0
52,85794,1
54,38088,0
61,45970,0
55,117034,1
21,54387,1
31,104272,1
64,60005,1
54,74716,1
25,139948,1
51,149536,0
19,89272,1
25,62065,0
42,80207,0
44,98200,1
28,86963,1
34,88958,1
47,139132,1
68,90587,1
55,81253,1
27,146722,1
51,70392,0
32,48152,0
39,23173,0
42,38457,0
31,87973,1
42,104413,1
62,144496,1
34,124479,1
60,33790,0
19,132947,0
46,69103,1
38,148386,1
65,66259,1
19,73115,1
69,73505,0
49,27689,1
25,120531,0
53,60241,0
44,64234,1
44,69290,1
59,144964,0
40,41895,1
29,104035,0
23,134721,0
60,22877,1
41,138660,0
54,116658,1
42,81948,1
37,143853,1
64,42383,0
62,101158,1
54,81052,1
23,26414,0
38,23129,0
48,73169,0
50,39925,0
65,32511,1
34,50495,1
50,73242,1
66,65221,1
19,86975,0
57,87655,1
50,42712,0
19,74506,0
62,64218,1
31,122559,1
20,70554,1
43,90839,0
41,130941,1
29,90373,0
68,39172,0
26,89378,0
21,146579,0
22,102993,1
22,93305,0
29,67217,0
62,112647,1
28,103675,0
45,102556,1
44,76991,0
39,36489,0
20,54692,0
38,41958,1
28,123501,0
45,145945,0
46,68204,1
34,56943,0
27,39452,0
32,130812,1
66,130159,1
61,26349,0
46,46343,1
21,40669,0
56,131578,1
41,117111,1
62,24953,0
41,42096,0
31,131127,1
43,144107,1
28,125546,0
20,70204,1
28,55577,0
64,52984,0
63,47523,1
67,107111,0
23,82076,0
69,21991,1
50,97084,0
66,119755,0
34,52430,0
57,94934,1
35,122891,1
61,97288,0
64,46968,1
21,122268,1
53,93598,1
65,41321,0
56,25717,1
66,37219,1
32,58172,1
66,46541,1
58,145756,1
43,131525,1
50,29181,0
45,112859,0
47,36739,0
69,57419,1
63,51129,0
45,30290,1
62,102453,0
57,102104,1
51,70795,1
27,59685,0
56,72769,1
66,68944,1
32,125847,1
61,50733,1
69,58523,1
47,106634,1
45,102773,1
56,121070,1
43,93709,1
43,49488,0
61,124374,1
18,27586,0
39,126358,1
40,141282,0
42,48623,0
25,89422,0
51,26429,0
69,64969,1
32,44370,0
19,42567,0
29,114223,0
35,108400,1
24,33757,0
59,49346,0
44,57162,1
19,118747,0
52,96609,1
63,57452,1
65,108136,0
30,27745,0
21,91160,0
45,43027,0
40,46569,1
68,79131,1
35,107692,0
38,121921,1
56,101231,0
31,104245,1
30,114953,0
65,111859,1
67,144254,0
37,144496,1
30,26605,0
25,134235,0
21,131288,1
23,118059,1
41,52180,1
67,40842,0
41,37459,1
66,112518,0
37,117845,0
30,143233,0
51,132851,1
25,60882,0
51,69610,1
64,95421,1
22,70462,1
33,107620,1
33,148856,1
31,45163,0
44,122719,1
59,69878,1
59,63311,1
48,91920,1
31,118174,1
48,148156,1
31,138165,0
41,131224,0
52,87346,1
69,25767,1
32,56523,0
37,40453,0
67,66811,1
45,95579,1
55,75502,0
44,140443,1
18,57159,1
29,75281,0
56,88797,1
44,24475,0
53,36794,0
48,70273,0
41,24971,0
49,82767,1
37,67328,1
40,98124,1
66,106448,1
20,38049,0
33,28259,1
64,121480,0
19,87754,1
54,71727,1
38,103106,1
20,129786,0
29,133226,0
45,116850,1
42,148336,1
33,60046,0
29,114034,0
38,86186,1
62,145010,1
39,122327,1
36,20689,1
29,115371,0
29,93248,0
65,51529,1
67,33408,0
40,69296,0
59,116917,0
52,43021,1
26,66945,0
38,128491,1
34,94031,1
19,115739,0
54,44479,0
28,40740,0
38,67438,1
22,26319,0
51,29412,1
67,133735,1
54,125342,1
49,105098,1
27,122251,0
56,149978,1
30,109664,0
19,70410,1
40,105259,1
57,127024,0
20,88729,1
38,128396,0
27,77856,1
20,60206,1
32,25825,0
27,141749,0
64,96954,0
26,114289,0
33,69767,0
41,87378,1
37,21106,0
47,149968,1
30,121079,0
18,79974,0
21,70047,0
24,144756,0
67,126542,0
53,32318,0
38,48507,0
47,41430,1
56,121642,1
44,95618,1
66,96274,0
43,25549,0
36,112562,1
31,95966,1
69,58554,1
57,33424,1
59,127594,0
48,115915,1
24,127161,0
50,137006,1
26,24618,1
19,98611,0
53,93292,0
24,80829,0
22,47983,0
39,106207,0
51,91165,0
33,43147,0
31,111396,0
26,71345,0
23,147573,0
62,130562,0
65,43102,0
68,35183,0
54,83584,1
58,106772,1
19,23317,1
54,68441,1
61,31541,0
59,113881,0
59,50931,1
36,85320,0
60,138857,1
61,39769,0
34,85028,1
18,48750,1
21,116508,1
54,24249,1
47,57043,1
63,130294,1
47,117074,1
46,141316,1
63,72935,1
38,70248,1
20,72942,0
67,61108,0
42,49110,1
20,36859,0
28,132502,0
56,111649,1
63,92425,0
65,93285,0
54,41284,0
38,36504,1
62,63501,1
65,141926,0
31,84657,0
56,91526,1
59,66835,1
48,35170,0
57,91250,1
44,48976,0
34,128662,1
41,62462,1
52,48040,0
36,132534,1
51,41200,0
20,117549,0
35,89405,1
48,29455,1
32,35363,0
64,23026,0
43,50332,1
58,93342,0
62,119090,1
34,61694,1
30,22278,0
35,64754,1
29,64216,0
39,88346,0
54,34798,0
62,56944,1
28,60940,0
65,81839,1
30,104589,1
53,119832,0
42,116868,0
36,135149,0
18,137635,0
31,40369,0
19,69424,0
22,80541,1
66,21055,0
24,48869,1
44,21844,0
48,125732,0
58,101575,1
33,127460,1
41,59636,1
63,133483,1
50,73466,0
51,50432,1
23,42351,0
20,29946,1
51,88553,1
28,87895,0
38,106670,1
56,83495,1
59,32422,1
41,57914,1
64,50678,0
19,70134,0
53,29416,0
47,80180,1
44,148855,1
24,63857,0
18,24561,1
57,146064,1
40,54238,1
24,68567,0
34,102757,1
45,31603,0
37,25418,0
48,106374,0
49,24103,1
55,124425,0
20,49829,0
34,31973,0
60,125926,1
37,39466,0
48,130511,0
26,100116,0
40,113209,1
49,90611,1
41,47671,1
26,141031,0
47,80988,1
38,20671,1
69,133342,1
40,32680,1
45,41435,1
63,123318,0
23,31468,0
37,52708,1
32,128237,1
67,118804,1
69,130508,1
44,29073,0
52,57143,1
38,24801,0
57,123426,1
69,133007,1
29,56540,0
39,63369,1
22,117420,0
18,56591,0
58,75054,1
66,44244,1
45,37376,0
20,107366,1
49,20554,0
67,78868,1
55,50478,1
29,38186,0
23,51326,1
53,70498,1
38,130602,0
68,73890,1
43,90105,1
20,128046,0
63,58109,1
19,109378,1
60,55357,0
26,47456,0
55,141654,1
58,51417,1
67,129975,1
69,78420,1
34,77610,1
38,100519,1
38,96840,1
60,97960,0
58,32383,1
68,55366,1
52,73808,1
51,35028,0
20,28050,1
37,29660,0
66,101486,1
39,147746,1
41,60331,0
60,41967,0
66,78371,0
46,115975,0
29,39876,0
52,130750,1
40,57732,1
31,47514,0
48,105382,1
56,88983,1
41,73929,1
57,137458,0
68,24620,0
51,145426,0
56,141330,0
33,61221,1
18,68789,0
39,133595,1
31,126591,1
52,37210,0
31,69953,1
67,33849,0
20,76114,1
23,31600,0
62,22553,1
28,127697,1
54,146281,0
44,101322,0
46,38595,0
28,130745,1
19,126636,1
29,39165,0
41,131629,1
41,88618,1
50,41436,0
35,124721,0
57,117493,1
38,98742,1
39,32772,0
36,129558,0
19,113190,1
34,118369,1
57,40376,1
68,142598,1
21,29815,0
27,54154,0
60,146676,1
31,27090,1
31,117424,1
43,81052,1
28,49490,0
42,31898,0
48,27575,1
48,47542,0
48,20098,0
60,56373,1
53,113683,0
42,50920,1
48,25758,1
40,137454,1
59,60935,1
31,135733,0
67,98985,1
34,39050,0
23,128079,0
22,140637,0
36,32401,1
55,145508,0
60,47785,0
29,139714,1
52,94260,1
32,37162,1
53,90631,0
39,93084,0
30,55955,0
63,83746,0
31,127222,1
23,85265,0
28,99212,0
47,137809,1
20,149126,0
26,130590,0
32,99706,0
24,34678,0
21,20885,1
49,112849,1
29,72522,0
42,93736,0
49,101912,1
32,52899,1
47,35470,0
44,104744,0
67,53480,1
25,72941,1
44,72557,1
32,66381,1
23,45834,0
66,65158,0
68,110522,1
50,108118,0
38,26866,0
41,102042,1
40,71934,1
57,104973,0
31,127777,0
56,37031,1
41,121317,0
58,80337,1
48,138374,1
60,83052,1
20,95411,1
64,24506,0
38,140564,1
37,88267,0
45,77098,1
54,30578,0
22,135777,0
33,131744,1
44,131814,1
40,41804,0
49,85942,1
47,83333,1
23,34228,0
24,90517,1
32,134808,1
35,126910,1
58,116023,1
63,82841,1
32,90001,1
20,27959,0
68,75699,1
24,109061,0
60,113472,1
51,38830,1
48,138220,1
18,48146,0
23,102985,0
47,115127,1
20,127201,0
31,118035,1
68,136653,1
22,112367,0
60,148134,1
40,75915,1
44,56724,1
21,29726,0
22,58736,1
29,98087,0
32,26144,1
50,52097,1
43,122144,1
24,47609,0
41,144017,1
37,54281,1
58,126067,1
42,99703,1
37,46513,0
34,146851,1
44,54794,0
53,28814,0
52,37527,0
65,85105,1
26,90190,1
46,62485,1
34,44830,0
24,92556,0
65,126689,1
30,31901,0
35,63102,1
57,71921,1
51,137264,0
28,46161,0
31,39645,0
69,61754,1
33,30781,0
60,106539,0
36,135892,1
26,41935,0
46,52012,1
26,119947,0
19,76249,0
57,133285,1
24,137461,1
53,138844,1
38,125792,0
40,129589,1
53,94352,1
48,104411,1
45,124394,1
33,34266,0
42,59924,0
53,35296,0
26,111656,0
20,87112,0
27,36595,0
53,148880,0
26,143825,1
18,66924,1
18,90729,1
26,137867,1
44,87696,1
48,143527,1
20,147985,0
60,25160,0
36,126327,0
50,67675,0
23,122772,0
43,49344,0
63,53382,1
67,63479,0
60,28935,0
69,120179,1
67,67612,0
41,75915,1
37,37543,1
69,48717,0
69,87384,1
59,120062,1
30,106006,0
35,130650,1
46,56107,1
46,43216,0
58,67678,0
64,47253,0
33,51406,0
21,49707,0
61,149682,1
64,70919,0
47,126033,1
28,39861,1
18,31039,0
64,97852,1
45,142828,0
25,138231,0
27,40062,1
23,94076,0
56,124198,0
45,73309,1
55,98986,1
32,49141,0
61,102757,1
43,141828,0
56,69224,1
69,105551,0
64,61008,1
22,146222,0
20,50446,1
57,106701,1
30,146378,0
35,29989,0
67,130414,1
46,134925,0
41,144769,1
35,72140,1
68,41463,1
34,22682,0
57,108220,0
49,67086,1
53,65473,1
23,125413,1
39,106570,0
33,52883,0
54,94192,0
27,105800,0
59,98495,0
45,98879,0
60,119851,0
25,104141,0
44,138296,1
54,48831,0
59,45615,0
60,115989,1
42,59183,0
59,30170,1
44,53167,1
35,124157,1
20,73413,0
51,55874,1
30,133812,1
48,115548,0
31,118936,1
52,125631,1
68,119232,1
65,43472,0
67,94914,0
46,104278,0
32,23181,1
47,74806,0
30,125897,0
61,106451,1
29,57258,0
39,49557,1
23,145413,0
24,105377,1
47,34153,0
49,29328,0
55,22076,0
18,47638,0
53,64225,1
44,54684,1
67,78304,1
56,51911,1
66,29720,0
61,136205,0
29,44250,0
56,20636,1
23,126404,0
56,145444,1
41,20632,0
21,30183,0
21,87179,0
57,126736,1
21,147489,1
34,23573,0
39,107711,1
44,63818,1
26,101599,0
42,144421,1
53,145360,1
59,67126,0
55,74792,1
55,82848,1
46,88118,1
21,92441,0
35,71125,1
32,142018,1
44,43706,0
52,65230,0
69,95522,1
28,27131,0
53,104069,0
25,75437,0
45,41016,1
55,137296,1
67,101302,0
18,100481,0
45,102738,1
22,47325,1
30,133670,0
61,105590,1
22,80596,0
35,40155,1
50,43456,1
19,125307,0
40,118707,1
20,63300,1
34,37409,0
47,127358,0
48,101058,1
26,28535,0
27,122581,0
26,89424,1
47,92707,1
37,113124,0
67,42672,0
63,88823,1
67,37481,0
23,38226,0
55,106733,0
49,65520,0
38,133298,1
43,25208,0
37,77066,1
52,47582,0
65,128088,1
29,89260,1
53,48424,0
63,107172,1
48,105545,0
20,27696,0
25,45218,0
62,94571,0
37,78089,1
36,71501,1
23,65877,0
20,71307,0
67,99251,1
48,46341,1
47,97077,0
58,136777,0
67,78702,1
26,41927,1
47,23894,0
21,86566,0
35,35556,0
36,103648,0
31,95727,1
55,130011,0
19,64361,0
62,109959,1
28,49248,0
46,130946,1
54,22317,0
66,52892,1
63,23361,0
65,23502,0
59,35083,1
45,24751,0
38,69261,1
42,21400,0
30,27754,1
37,145205,1
56,21561,0
51,55719,0
56,80781,0
62,96423,1
25,134438,1
36,145628,1
22,73862,1
56,125127,1
41,106145,1
48,30140,1
39,115896,0
56,41330,1
53,145348,1
69,137871,0
37,77999,0
61,112483,1
55,48313,0
32,74400,1
18,22424,0
18,149780,0
21,140987,0
67,140856,0
68,115904,1
47,108389,1
34,21365,0
24,61111,0
61,108132,0
44,80348,1
58,142580,1
40,125199,1
65,80526,0
47,29006,0
18,114361,0
43,66570,1
61,68364,1
64,88700,1
35,116692,0
46,111369,1
36,140273,1
26,126483,1
26,112189,1
37,121232,1
27,77506,0
59,87475,1
45,141632,1
40,148510,1
35,57627,1
26,31845,0
36,134753,1
43,134068,1
50,58870,1
60,136147,1
58,137330,0
22,22914,1
23,127406,1
21,50895,0
42,65343,0
30,67448,0
45,33218,0
24,29039,0
21,97615,0
22,109721,0
62,86186,1
29,72683,0
34,102670,1
57,125746,1
66,30803,1
55,68751,1
44,53525,1
67,116395,1
41,146436,1
54,59321,1
29,43088,0
36,26583,0
33,84807,1
68,71663,1
55,49317,1
40,31235,0
51,41476,1
51,40026,0
28,71327,1
31,72994,1
42,147632,0
21,105745,0
54,128809,0
59,35333,1
35,149419,1
28,76131,1
49,25073,1
27,63921,0
34,142785,1
31,127935,0
34,77685,1
23,55246,0
21,60344,0
65,20109,0
18,116544,0
60,26925,0
69,29458,0
63,124432,0
53,62297,0
60,47773,0
46,44225,1
66,62415,1
54,142115,1
48,81975,1
61,128136,0
26,136185,0
59,72153,0
63,130448,0
43,82292,1
33,29650,0
57,140995,1
48,20351,1
44,47864,0
58,125271,1
39,72522,1
27,133169,0
40,102255,0
22,147567,0
66,64961,1
54,68331,1
27,106381,1
30,24652,0
50,126930,1
54,58366,1
23,29317,0
61,69874,1
52,146949,1
66,101324,1
51,112745,1
37,106651,1
19,113479,1
41,21456,1
35,116246,1
27,56643,0
49,125749,0
29,39481,0
19,105480,1
22,31702,0
49,113000,1
44,75064,0
31,81016,1
28,64296,0
45,61106,0
49,114434,1
36,128505,1
30,120297,0
34,105327,1
46,21801,1
63,101211,1
36,119451,1
42,68197,1
65,125672,1
34,49496,0
63,41098,0
69,60832,1
31,40087,0
37,142494,0
54,69730,1
48,69265,1
23,46659,0
29,133971,1
43,29567,0
44,48389,0
32,70327,1
28,94106,1
43,43118,0
24,28044,1
55,108685,0
41,96970,1
44,83650,0
40,113668,1
20,100190,1
64,111322,0
35,98313,0
29,132700,1
66,92415,1
21,30129,0
35,116518,0
38,88814,1
40,51103,1
32,37732,0
40,116540,1
42,71035,1
31,60909,1
20,92977,0
40,126409,1
32,41210,0
54,97378,1
23,113525,0
56,34718,1
25,58005,0
28,69532,0
40,97096,0
34,76070,0
45,71402,1
60,49931,1
40,100446,1
34,140559,1
22,104047,0
27,123802,0
35,29572,0
69,143445,1
40,100250,1
45,148408,0
66,100643,1
59,132424,1
38,148289,1
61,138475,1
29,123635,0
19,100340,0
56,61689,0
41,147984,0
26,85777,0
42,49155,0
26,45833,0
41,92712,1
32,138030,0
40,82526,1
35,71993,1
47,93493,0
26,93132,0
45,78057,1
43,86071,1
28,24351,0
64,147430,1
44,61695,1
29,81014,0
46,142085,0
60,87761,1
56,111826,0
27,141426,0
55,91162,0
53,62827,0
38,60243,1
60,50735,1
23,77528,1
38,98360,1
66,81811,1
58,66277,1
50,68198,1
28,38862,0
54,120864,0
40,102864,1
47,143741,1
36,56201,1
22,87230,0
67,67621,1
32,74109,1
43,109462,0
52,51035,1
62,105525,1
51,29107,1
33,126485,1
33,124509,1
64,59027,1
52,44320,0
31,95884,1
45,90135,1
51,23687,1
58,40551,0
61,77292,0
34,139798,1
25,102772,0
43,45523,1
60,53294,1
40,141161,0
25,99698,0
18,77509,1
36,112496,0
21,63498,0
69,97616,1
64,61355,1
44,93279,1
30,125510,0
35,51682,1
22,120329,0
61,48271,1
65,145859,1
35,57798,1
38,37774,1
18,51900,1
38,100458,1
44,52725,0
49,106045,0
37,35711,1
63,126905,1
18,135443,1
37,49727,0
47,65686,1
21,138555,1
35,31982,1
24,53448,0
33,34333,1
35,76374,1
50,135929,1
45,52564,1
53,86044,0
35,114771,1
44,111021,1
40,47936,0
51,58175,1
28,51329,0
54,44686,1
60,149445,1
23,110272,1
39,116203,1
51,49959,0
50,49449,0
61,124411,0
48,147322,1
51,77980,1
58,58421,1
28,144599,0
49,27184,0
27,130945,1
23,90501,1
37,90462,1
44,143669,1
30,72518,0
22,59381,1
60,128750,1
19,68186,1
44,147530,0
56,118365,0
68,71801,0
63,77579,1
19,145543,1
34,77683,1
40,135563,1
28,66099,1
52,72702,1
41,56975,1
63,120882,0
33,59349,1
24,127867,1
28,81665,1
53,97954,1
25,134387,0
44,105325,0
61,102479,1
44,71067,1
63,79775,1
24,34673,0
64,36522,1
67,61586,1
20,103053,0
63,58111,1
23,63634,0
35,73070,1
18,90607,0
20,139896,0
20,60895,0
38,62334,1
19,46226,0
56,28628,1
26,64546,1
28,133340,1
57,60362,1
28,130726,0
31,45006,0
59,76969,0
48,86204,0
18,98720,0
58,59582,0
38,94522,1
35,75609,1
36,119826,0
65,125212,1
61,69758,0
59,28507,1
25,69297,0
22,60078,0
62,64991,1
28,113678,1
36,145044,1
18,116120,1
18,146495,1
36,102832,0
29,45138,0
50,92721,1
43,103581,1
57,129055,1
30,20815,0
38,123473,1
65,78572,0
18,35068,0
65,74072,1
29,84481,0
67,51168,0
49,143499,1
60,55662,0
34,30541,1
65,38105,0
42,53389,0
60,131101,1
52,57701,1
64,89857,1
68,144677,1
54,82157,1
43,132385,1
29,145765,0
57,50232,1
30,113581,0
37,77131,1
64,149786,1
58,73162,0
47,45718,0
66,62160,1
63,46580,0
46,134449,0
49,120134,1
50,22465,0
23,145388,1
69,55789,0
32,107481,1
21,110709,0
48,91236,1
68,95866,0
32,105271,1
50,119765,0
64,125824,1
37,116204,1
50,115030,1
35,140100,0
56,36312,1
27,44181,0
20,34958,0
51,144607,1
42,145092,0
45,30738,1
65,40692,0
38,111301,1
32,91022,1
21,43980,1
44,73327,0
53,113056,0
47,102083,1
28,134715,0
61,136616,1
42,75887,0
68,32835,1
47,113491,0
52,52479,0
45,112301,0
47,22645,0
30,55279,0
61,25256,0
42,23424,0
23,137644,0
49,120256,1
27,84575,0
52,99512,0
56,84965,1
68,30945,1
37,40132,0
33,135526,1
24,133383,0
20,146741,0
57,76184,0
45,44831,0
49,139108,1
63,79068,0
57,110716,1
21,87264,1
56,44440,0
32,126090,0
62,69028,1
36,28274,1
22,101265,0
47,63714,0
64,102119,0
61,48388,1
21,56230,0
64,145028,1
48,112950,1
45,103044,1
68,144311,1
40,42764,0
64,48767,0
46,140381,1
47,68576,0
60,55251,1
67,37581,0
41,91712,0
27,67581,0
65,73071,1
64,65188,0
47,124441,1
40,88208,1
56,33848,1
38,104528,0
18,64971,0
57,21561,0
27,122309,0
46,92751,1
48,77139,1
47,50527,1
56,69452,1
28,36054,0
60,20047,0
67,74027,1
39,122878,1
67,64304,1
42,53617,1
42,29055,0
69,125818,1
42,145381,0
52,34171,0
67,35603,0
52,124808,1
63,22142,1
52,139189,1
64,127322,1
61,147387,1
34,52880,1
26,96515,0
28,144400,0
56,66600,1
29,83303,0
41,118145,1
44,107371,0
39,74637,1
23,109694,1
22,115843,0
49,84488,1
68,83925,1
26,92966,0
48,42758,0
33,29971,1
54,26919,0
36,116854,0
41,92148,0
29,92684,1
58,118997,1
28,59322,1
62,138910,0
42,38060,0
40,82899,0
63,38984,0
51,43293,0
32,28432,0
69,73122,1
60,80435,1
65,35859,0
20,107690,1
31,131928,1
37,111388,1
65,85889,1
66,25419,0
43,48015,0
61,120161,1
54,121344,1
21,58790,0
57,102910,1
63,144635,0
69,47131,0
68,147081,1
63,86746,1
52,46728,0
40,84538,1
64,85104,1
42,126586,1
53,112154,1
30,143853,0
68,83226,0
45,30636,1
66,86081,0
27,104825,1
68,36702,1
30,92473,1
61,116280,0
20,79248,0
36,92175,1
35,133664,1
60,128435,1
67,32436,0
55,55931,1
63,33681,0
37,90242,0
30,69292,0
19,83059,0
29,50931,0
24,148899,1
67,122763,1
19,145566,1
38,134041,1
53,22619,0
55,39421,0
60,53630,1
26,96456,0
65,83875,1
44,111391,1
28,122389,1
42,62430,1
44,90629,1
44,72912,1
22,126002,0
34,100524,1
41,110191,1
19,54835,0
56,20071,0
44,111658,1
36,70068,1
64,45838,0
38,127766,1
68,121659,1
24,135407,0
31,42182,0
30,78818,1
23,141310,0
47,41917,1
55,94887,1
32,117008,1
41,117995,1
28,124266,0
44,53214,0
49,67034,0
50,62145,1
49,130829,1
69,76851,1
29,64919,0
56,128707,0
38,96066,1
42,23717,0
40,133388,0
47,96931,1
35,36427,0
43,128243,1
37,72525,0
58,52926,0
52,49569,0
64,72975,1
30,149221,1
59,107026,1
20,142022,0
50,105374,1
59,96442,1
59,37566,1
61,129872,0
19,113977,1
39,53926,0
58,148329,1
21,120107,0
57,35218,1
56,105320,1
46,67186,1
47,141361,1
64,114799,1
31,134116,1
19,88426,0
33,136397,1
29,22345,0
58,59209,0
56,104908,1
60,47692,1
55,119168,0
63,24291,0
48,30297,0
62,52400,1
58,49524,0
49,51130,1
50,145634,1
68,136643,0
31,39064,0
29,127047,1
62,141490,1
35,95612,1
52,32248,1
26,116497,1
43,63708,1
29,112880,0
28,69055,0
22,35836,0
25,117558,0
50,55916,0
58,25356,0
30,54901,0
26,136118,1
59,136640,1
53,57768,1
26,125625,0
63,33074,1
43,78523,0
65,146574,1
60,134704,1
37,65647,1
45,118375,0
41,130531,1
18,73286,0
42,21585,0
63,102822,1
28,99949,0
22,58123,0
31,95519,1
35,26220,0
38,81789,0
54,45214,0
65,126199,1
63,69791,1
66,92335,1
22,25627,0
31,36097,0
52,23738,0
26,76414,0
28,36903,0
21,30056,0
25,74736,0
68,99815,1
54,108763,1
45,85618,1
31,134459,1
62,115943,1
19,136051,1
46,143191,0
37,143221,0
55,69231,0
62,57746,1
23,42708,1
29,81867,0
64,140925,1
33,23383,0
63,145449,1
19,68466,0
57,31993,0
22,77266,0
64,40106,0
37,30970,1
29,51609,0
65,75472,1
33,67724,1
47,54637,1
37,42737,0
38,77283,1
23,139357,1
26,53617,0
20,142256,0
37,60736,1
65,70019,1
50,102118,1
54,95218,1
34,110596,1
65,127736,1
58,122956,1
66,48896,0
32,106791,1
36,127388,0
30,59739,0
67,54902,1
40,130900,1
61,60271,1
41,128614,1
41,64330,0
44,145040,0
40,39670,0
29,45485,0
28,57926,1
25,56943,0
41,75793,1
58,40981,0
27,82158,0
41,53949,0
28,36866,0
50,146323,1
46,69836,0
67,84173,1
30,71970,1
45,52742,1
22,67417,0
34,39733,1
53,36316,0
37,51703,1
21,127069,0
45,65870,1
33,112398,1
56,25468,1
47,120133,0
47,140350,1
37,28411,0
49,124814,1
63,35670,1
43,50799,0
20,49185,1
51,79339,1
27,130936,0
54,122363,1
34,72475,1
61,54397,1
47,126232,1
45,37702,1
40,77204,1
30,146696,0
42,121387,1
60,116674,1
35,146468,0
45,80795,1
52,97317,0
19,118468,1
22,21574,0
65,61932,0
35,96778,1
65,131242,1
61,70222,0
54,144624,0
61,29954,1
66,42239,0
51,59399,0
28,59396,0
52,34088,0
42,117007,1
46,28027,1
63,101182,0
18,121466,1
54,123598,1
29,95339,0
69,138619,1
62,90910,1
55,142748,1
22,111053,1
64,47121,0
41,139443,0
38,137140,1
18,37892,0
41,99891,1
37,121392,1
33,67661,1
29,56367,1
43,78586,1
23,28492,0
36,37612,0
21,88079,0
69,81996,1
22,71292,0
60,101080,1
43,90485,0
57,66372,1
48,66403,1
35,21120,1
26,56927,1
51,132682,0
48,27960,0
56,88814,1
34,37097,1
66,68431,1
64,80759,1
66,26579,0
53,92935,1
54,63757,1
26,135279,0
53,101188,0
60,33858,0
24,85663,0
19,21964,0
19,119022,0
38,122975,1
58,59091,1
29,94634,0
29,25716,1
59,120549,0
21,53423,0
53,115590,1
69,28993,0
56,90128,1
22,115516,1
43,61967,1
49,114271,0
66,80833,1
31,78844,1
30,73344,1
41,29155,1
35,95712,1
30,45772,1
64,25975,0
64,122203,1
49,142518,0
57,52240,1
41,117156,0
66,104832,1
35,43061,0
31,110997,1
49,71646,0
43,127413,1
22,54915,1
19,97995,0
49,138444,1
19,38155,0
58,93779,1
24,114808,0
32,58926,1
65,45981,0
56,116771,1
57,56504,1
47,148426,1
40,109677,0
44,82801,1
30,110442,1
45,130110,1
44,35094,1
47,23054,1
19,101988,0
47,123630,1
20,101244,0
39,88032,1
46,132211,0
31,57762,1
62,20059,0
32,43643,1
67,39174,1
31,143095,0
66,60057,1
51,71596,1
65,146388,1
20,65535,0
61,21274,1
34,53737,1
65,131838,1
52,143635,1
66,131995,0
50,32728,1
54,97417,0
50,102432,1
65,85484,0
40,145439,0
45,54137,1
34,53401,0
29,87767,1
26,99311,0
26,130135,0
28,52884,0
47,133909,1
35,123828,1
65,75364,1
34,96732,1
35,61114,1
64,85767,0
54,90263,1
31,85220,1
32,141254,1
18,54886,0
25,88644,0
28,112230,0
64,45507,0
45,61143,0
50,127794,1
54,32183,0
27,86707,0
66,91258,0
68,139685,0
21,86631,0
38,68599,1
31,78168,0
33,26997,0
66,122986,1
26,81013,0
58,71170,1
58,53312,1
64,107122,1
19,33526,0
48,98574,1
50,103306,1
65,84141,1
67,46241,0
54,20237,1
30,137319,0
42,110402,1
19,117628,1
51,28434,0
48,133359,0
57,115959,0
59,132133,1
62,72964,1
45,57653,1
46,149435,0
63,114824,1
47,106420,1
66,111292,1
50,128808,1
35,77502,0
26,77339,0
63,127619,0
53,80849,0
68,42910,0
56,126312,1
52,139955,1
45,103755,1
46,79908,1
26,80785,1
30,37085,0
30,121654,0
55,44105,1
52,29282,0
69,52625,1
44,59781,1
48,71698,1
30,77482,0
37,141996,1
55,65386,1
45,35110,0
58,55105,1
56,49484,1
59,53705,1
57,114645,0
27,57335,0
54,32054,1
18,57636,0
19,113502,0
18,61158,0
44,107009,1
51,133531,1
32,105230,1
42,128385,0
69,142163,1
53,64360,0
53,116779,0
47,123180,1
20,60384,0
21,113947,0
63,138092,0
22,102435,0
53,46788,0
28,89531,0
41,135890,0
20,132579,0
51,116718,1
65,60393,1
24,56027,0
28,116211,0
68,119307,1
67,76783,0
29,83459,0
41,67467,1
36,44920,0
25,103542,0
22,80055,0
18,106521,0
48,114693,1
18,109972,0
37,43726,0
43,102477,0
37,129557,1
68,53008,1
49,46997,0
63,118034,0
42,39826,0
64,121130,1
65,149088,0
47,54624,1
41,147997,1
36,83174,0
36,108079,1
39,55442,0
40,70143,1
38,73044,1
64,99934,1
62,129967,1
49,59281,1
47,126386,1
34,111396,0
55,136754,1
58,133827,1
18,48107,0
39,133612,1
37,51138,1
43,57532,1
59,85832,1
69,144398,1
32,90596,1
58,111469,1
27,91594,0
68,29603,0
40,54065,0
58,143927,0
57,35221,0
26,119557,0
31,120324,1
66,26582,0
30,42724,1
25,137895,0
36,43019,0
47,44717,0
69,27406,1
45,59284,1
44,118291,1
24,65015,0
61,35082,0
59,47253,1
61,121038,1
43,93579,1
20,145528,1
22,99624,1
67,86368,0
69,86621,0
67,98898,0
46,77900,0
62,86995,1
36,97259,0
42,54022,1
30,79904,0
32,48943,1
41,106878,1
29,123461,0
67,81451,0
66,39643,0
26,106969,0
38,70848,1
60,28381,1
33,60158,1
37,63382,1
57,126939,1
62,70308,0
45,102506,1
55,42835,0
30,120234,0
55,113223,1
26,66974,1
46,83688,0
45,131180,0
35,36787,0
61,149585,0
36,25984,0
62,33369,0
68,133530,0
64,146953,1
40,56380,0
38,23490,0
50,48114,1
41,64228,1
22,75396,0
53,116516,0
49,146037,1
37,85284,1
51,82788,0
34,75183,1
28,110613,0
20,68757,0
64,70236,0
58,59475,0
53,80299,0
62,83706,1
63,34815,0
67,31864,1
37,38913,1
69,121554,0
62,119835,0
18,29964,0
30,68556,0
29,44536,1
57,51349,1
21,139302,0
29,141896,1
46,56249,1
61,142292,1
69,128023,1
33,119547,0
49,60806,1
65,86993,0
40,49763,0
19,41361,0
23,136277,0
39,54397,1
47,88988,1
67,124931,1
45,79365,1
40,67263,0
19,125522,0
51,71829,0
34,40573,0
42,73641,0
28,87517,0
42,41850,0
56,60897,0
56,39089,0
36,143235,0
19,90219,1
60,78533,1
69,140888,1
48,145185,0
18,114514,0
57,40392,0
67,32265,1
28,112934,0
43,24690,0
30,34205,0
46,45359,1
65,110792,1
41,85804,1
64,139261,1
67,72109,1
56,30966,1
30,105117,0
36,64107,1
47,86581,1
65,59942,0
55,147940,0
54,68758,0
42,63710,1
52,73057,1
63,53354,1
35,125266,1
34,132983,0
60,85244,0
62,23039,0
31,102067,1
32,60746,0
30,25154,0
59,28963,0
21,36936,1
20,43516,1
62,140859,0
37,113202,1
68,33348,0
27,26044,1
42,136390,1
21,126077,0
37,59664,1
40,87013,1
21,87989,0
26,25740,0
58,116661,1
65,89011,1
55,55568,0
46,85423,1
42,66911,1
52,69956,1
31,43698,0
51,80435,1
63,68828,0
62,98822,0
29,117265,0
65,83754,1
43,120063,0
32,117572,1
19,100969,0
24,141347,0
43,53628,1
38,134629,0
21,118817,1
67,130787,0
45,90233,1
53,140342,0
43,37742,1
46,38427,1
39,121239,0
32,36144,0
39,37571,0
57,132768,0
55,99825,0
38,81587,1
48,140573,0
24,80973,0
62,108875,0
20,78942,0
49,27860,0
21,62594,0
45,51382,0
26,56518,0
23,135594,0
21,33515,0
57,145775,1
62,47850,0
47,77856,1
38,33048,1
57,41247,0
63,39666,0
58,72210,1
69,70813,0
65,22868,0
25,28975,0
49,35488,0
31,117296,1
25,141016,0
52,54952,1
37,75638,1
19,46126,0
22,66902,1
33,44390,0
65,126999,1
23,41439,0
29,144177,1
39,142674,0
31,99682,1
64,122677,1
29,76381,1
19,86885,1
69,34811,0
63,56660,0
35,31879,0
43,105761,1
47,95825,1
32,58185,0
54,58785,1
27,60676,1
33,121656,1
63,26537,0
51,92174,1
42,83113,1
27,128264,0
66,41284,0
29,37593,0
39,37596,1
58,78339,1
68,77389,0
44,49672,0
59,138687,1
26,134960,0
51,146748,0
19,57791,0
59,97333,1
67,103749,1
52,69826,1
69,85725,1
47,35914,0
20,45635,0
23,28447,0
60,21612,0
28,43700,1
35,78776,1
27,80813,1
46,64074,1
37,135256,0
24,113559,0
41,31996,0
67,83703,1
42,116026,1
28,58053,0
33,36275,0
56,33907,0
18,39916,1
27,118811,1
60,74244,1
27,22914,0
28,21889,1
25,47250,0
44,59787,1
61,100403,1
36,72717,0
49,25607,0
69,97524,1
28,130594,0
43,48507,0
53,33633,0
51,146965,1
36,89216,1
22,53669,0
33,97972,0
20,21747,0
41,75052,0
48,139904,0
57,73944,1
20,42657,0
66,97615,1
40,90461,0
20,25465,0
44,55798,1
46,42691,0
46,117218,1
25,140216,0
27,118542,1
38,46955,0
64,93016,1
31,43684,0
42,29907,0
18,92700,0
23,62995,0
55,36206,1
24,89951,0
33,49026,0
67,51519,0
43,123128,1
54,65686,1
55,90388,0
67,116237,0
39,137851,1
25,77973,0
57,89562,1
47,137890,1
45,145285,0
31,48068,1
66,50342,1
40,63537,0
23,95449,0
20,29870,0
18,55452,1
67,46266,0
46,87580,0
34,106952,0
68,92287,1
63,148924,1
55,111853,1
51,47751,1
23,21602,0
28,117809,1
36,132569,0
20,62541,1
66,73126,1
68,79649,0
58,127488,0
30,132583,0
60,60711,1
20,87072,1
54,34951,1
66,148859,0
50,24995,1
26,22023,0
33,133820,1
59,82713,1
47,126030,1
29,80805,0
40,82407,1
53,113647,1
53,101540,0
36,94017,1
25,49753,0
68,84838,1
39,114993,1
69,102826,1
52,141656,0
34,97696,1
30,44907,0
48,117194,1
24,81830,1
30,90902,0
24,35237,1
57,121716,1
31,140690,1
42,41676,0
33,131922,1
29,100636,0
64,96841,1
59,75487,0
68,129375,1
51,112069,1
32,147634,0
53,128190,1
21,134791,0
30,42297,1
41,127231,1
56,75799,0
65,145665,0
18,72727,0
39,105769,1
18,97328,0
51,36445,0
31,127215,1
23,40577,0
50,103173,0
47,74523,0
39,46683,0
62,22624,1
26,68365,0
18,37138,0
46,145355,1
26,118245,0
40,140744,1
38,21411,0
40,88725,1
23,72415,0
33,53222,0
57,46693,0
57,133793,1
63,78365,0
32,30717,0
28,124840,1
30,42342,0
57,20290,0
48,112087,1
23,46944,1
51,114006,1
47,52029,1
62,51288,0
66,66173,1
29,141735,0
28,39301,0
23,74846,0
67,89483,0
27,75918,1
19,44001,0
56,146593,1
50,100508,1
60,141796,1
25,26180,1
69,35653,0
62,68657,1
51,74063,1
32,87649,1
58,115398,0
48,100773,1
29,78305,0
51,30245,0
22,59814,0
60,120884,1
65,117709,1
44,94313,1
56,142521,1
20,136202,0
34,76341,1
38,146112,1
22,65486,0
24,111500,0
23,39884,1
66,92109,1
66,97817,1
61,140814,0
48,112479,1
56,71019,0
35,32427,0
42,149123,0
37,132968,1
52,35871,1
28,34890,1
64,66604,1
69,84649,1
36,65803,1
68,79775,0
63,77935,1
36,48003,0
18,118926,1
38,36790,0
67,122348,1
40,41833,0
53,135539,1
35,83605,0
57,119111,0
25,133620,0
18,44806,1
28,73297,1
54,22525,0
35,52672,1
26,124331,0
51,30455,0
56,93633,0
67,25965,0
51,78934,1
50,20876,0
28,93171,0
30,123468,0
18,81580,1
58,140863,0
35,115955,1
68,141877,1
32,123503,1
46,37570,0
58,146291,0
23,20608,1
42,128487,1
40,25890,0
52,100899,1
47,105463,1
37,76019,1
59,107634,1
68,128091,1
26,49301,0
36,40992,0
34,46014,0
30,35297,1
43,51656,0
68,29314,0
52,137007,1
38,107685,0
26,103645,0
52,39193,0
61,33963,1
52,93911,1
37,44885,0
24,108063,0
64,23027,0
21,60441,0
58,147926,1
68,100229,1
40,130295,1
27,127073,0
58,99336,1
53,107997,1
28,132080,0
49,67764,1
49,27141,0
49,111514,1
67,102204,0
54,69087,1
52,136660,0
68,32516,0
29,82271,0
23,66868,1
33,60176,0
36,96737,0
58,21862,0
56,50979,1
57,136519,1
53,63386,1
26,129519,1
57,57808,1
40,143821,1
54,121536,1
63,119409,0
64,143022,1
41,50930,1
46,94907,1
37,41902,0
61,40001,0
26,139912,0
34,109523,1
66,127658,1
47,31480,0
38,141872,1
23,74931,1
27,39910,0
30,63532,0
30,81408,0
54,142260,1
30,96599,0
69,46457,0
28,115559,0
29,77541,0
61,67442,1
30,125782,1
35,130525,1
24,59245,0
30,100611,0
56,107380,0
53,83750,1
25,38143,1
27,70046,0
25,89573,1
55,30957,1
66,105415,0
26,113269,0
42,40803,0
50,60003,1
66,91460,1
29,98536,0
35,38740,0
39,121485,0
56,96546,1
65,128242,0
55,21164,0
25,80536,1
18,135874,1
26,133657,0
21,40508,1
37,99789,1
58,85893,1
65,58657,0
27,109682,1
29,69686,0
67,91929,1
45,145035,1
44,89510,0
39,93551,1
51,98073,1
58,84786,1
45,25097,1
60,141854,0
29,21700,0
30,45936,0
49,23083,0
68,124521,1
47,20055,0
47,143885,0
60,100253,1
39,26325,0
52,21324,0
54,67267,0
52,134664,1
61,137192,1
62,46796,1
57,46008,0
69,131564,0
36,137805,1
30,34896,0
34,60265,1
20,138866,0
68,25210,0
37,41970,0
18,103906,1
63,140473,1
43,47539,1
44,68223,1
58,134588,1
19,23059,0
40,74051,0
35,100704,0
57,130099,1
36,71932,1
39,91753,1
64,126464,1
22,125529,0
40,76810,1
61,100651,1
48,59678,1
32,52853,1
45,26862,0
42,107903,1
47,53133,0
65,77790,1
22,86253,1
29,32382,0
60,80185,1
64,78273,0
43,114878,1
57,84585,1
60,114279,0
43,39918,1
53,65335,1
25,51212,1
41,46610,1
34,66442,1
59,113684,0
57,131872,1
53,122298,1
67,95044,0
52,22370,0
40,76722,1
42,57468,0
29,139535,0
20,139225,0
56,122985,1
27,38498,0
50,33332,0
47,126960,1
45,60009,1
52,104841,1
35,138370,1
26,138582,0
30,140547,0
36,24194,0
31,35480,1
46,114939,1
49,35009,0
64,74667,0
42,126736,1
41,85883,0
58,72598,1
58,48416,1
52,96763,1
42,32569,0
61,56210,1
34,56590,1
21,133449,0
29,22512,0
59,78205,0
50,140433,1
67,43930,1
37,83566,1
49,50607,0
25,123874,1
43,102220,1
39,102101,0
60,100939,1
53,36763,0
69,59444,0
39,27429,1
18,25990,1
38,116904,0
69,116858,1
59,116995,1
64,62106,1
42,116381,0
19,123631,1
51,85328,1
57,43490,1
55,67431,0
45,116844,1
41,85431,1
64,55172,1
50,131777,1
20,59495,0
47,37102,1
24,93543,1
56,134627,1
62,26663,1
19,109879,0
66,41005,0
52,68537,1
49,94351,1
40,133792,0
41,81643,1
41,77920,0
61,113730,0
35,104205,1
23,29788,0
54,20226,0
51,113766,0
59,82582,0
66,22482,0
53,40540,1
26,91684,0
45,141544,1
26,142960,0
29,128479,0
68,104208,1
26,128197,0
61,104244,1
55,130481,0
41,39847,1
65,61613,1
52,20833,0
36,52919,1
48,126304,1
58,120819,1
36,149844,1
21,46097,0
64,88208,1
26,142840,0
36,84632,1
50,80121,1
35,32773,1
43,97440,0
69,67906,1
56,78862,1
50,75920,1
31,63743,0
69,20503,1
51,67960,1
40,144339,1
49,28127,1
24,146544,1
56,65061,1
29,31716,0
23,75296,1
22,137093,1
20,101170,0
25,48425,1
56,51191,0
19,40327,1
54,88477,1
35,145468,1
68,132266,1
24,74998,0
47,145459,0
59,33339,0
49,65141,1
19,69303,1
18,42874,0
32,30011,0
39,130880,1
56,57672,1
69,143716,0
65,49459,0
51,130543,0
44,21295,0
67,113041,1
68,30863,0
38,127543,1
37,146425,1
21,149053,0
35,105100,0
51,85674,0
26,89112,0
58,22402,0
54,92330,1
57,84832,1
54,141103,1
58,51428,1
55,43491,1
27,83593,0
56,119830,0
64,126091,0
30,140834,0
54,90790,0
24,124885,0
23,103115,0
36,21904,1
64,130625,0
42,135483,1
27,34244,0
39,119999,1
56,95594,1
44,73221,1
40,58545,1
35,70012,0
67,104193,0
63,86815,1
19,137570,0
49,79295,1
27,104386,1
43,97400,1
49,40060,0
48,126513,0
27,83525,0
67,95309,1
50,107866,0
53,121532,0
67,120032,0
28,72107,0
50,43945,0
45,139410,1
31,109318,1
37,94922,1
57,82453,0
29,60508,0
50,59989,1
24,81847,1
39,54517,0
33,94061,1
34,109265,1
48,107041,1
20,89044,1
40,100354,1
20,56413,0
54,22276,0
26,99869,0
64,99727,1
43,92132,0
42,74020,1
36,82432,0
54,28587,0
55,136317,1
66,98516,1
24,138938,1
33,27811,0
65,60764,0
23,27258,1
57,67146,0
35,79563,0
44,50176,0
44,62683,1
28,60186,0
61,46134,1
34,68395,1
22,148398,1
57,74049,1
64,75696,1
56,37895,0
49,40930,0
48,66954,0
47,102701,0
35,71403,1
55,91784,1
20,46703,1
66,37485,1
67,36642,0
25,88716,0
47,49896,0
37,94932,1
33,98301,0
37,63336,1
39,101719,0
27,60834,0
39,145299,1
55,96778,1
54,71664,1
38,40039,1
25,43432,0
20,126228,0
45,79805,0
68,85965,0
43,67277,1
60,47091,0
22,126371,0
48,92191,1
37,67705,1
65,123678,1
25,125667,0
39,130461,1
57,67451,0
43,144139,0
69,28712,0
31,87163,0
68,24572,0
30,114101,0
28,44070,0
44,36423,0
30,124066,0
36,32651,0
31,67146,1
31,141305,1
24,135217,0
32,77455,0
47,40693,0
34,75721,1
35,137488,1
49,104924,1
36,100166,0
43,134018,1
34,101181,1
67,88007,1
45,57139,1
58,24937,0
38,53966,1
54,97205,1
60,86448,0
48,23399,0
24,108167,0
45,41806,0
58,35359,1
57,38242,0
29,39888,1
23,81197,0
18,129882,0
62,48153,0
27,113199,1
29,31224,1
36,120499,1
21,142761,0
25,128114,0
24,126984,0
26,68317,0
33,57952,1
41,62588,0
63,75630,1
44,22031,0
28,39255,0
28,44107,0
45,64647,1
47,104329,1
69,54693,1
41,129880,1
58,60281,1
43,42472,1
36,136164,0
60,38834,0
59,145071,1
62,82984,1
32,131258,0
29,133825,0
44,62023,1
63,83641,1
47,102018,1
26,130572,1
53,148948,0
48,37714,0
59,128023,0
41,144649,0
39,72431,0
34,33245,0
66,38631,0
21,77312,0
52,115534,0
44,90054,1
42,117847,0
51,74734,1
60,115048,1
41,24817,0
59,31328,0
59,142009,1
32,68002,1
47,100926,1
28,111633,1
27,99847,0
45,115214,1
24,34744,1
20,111760,0
36,115039,1
64,82399,1
32,39918,0
30,127395,0
49,90460,1
68,27032,0
18,63106,1
25,106888,0
24,130412,1
56,32768,1
25,68469,0
63,62064,1
18,40732,0
19,74426,0
47,48115,0
20,49102,0
29,125434,0
48,108322,1
53,147982,0
68,143975,0
22,61166,0
35,39394,0
40,76438,1
24,38780,0
63,57084,0
32,118208,1
40,109120,1
41,39257,0
50,49352,0
65,54885,1
47,130301,0
61,116712,0
51,149486,1
26,73760,1
59,102757,0
48,44281,0
56,46177,0
18,46216,0
50,110604,1
50,75475,1
52,134137,1
56,116968,1
44,43535,0
26,92233,0
22,100005,1
69,109980,1
58,59525,1
28,41534,1
48,106565,1
63,25552,1
60,138312,1
50,140806,1
46,72685,1
20,115158,0
43,142630,1
18,64450,0
32,79771,0
21,24879,0
29,48946,0
39,126900,1
41,112325,1
50,28111,0
34,94042,1
40,100979,1
44,71675,0
46,25211,0
32,52859,0
58,122274,1
38,115344,1
64,52161,0
61,100453,1
42,83573,1
34,113447,1
59,75027,1
30,120995,0
60,141603,1
25,135287,1
63,29934,0
57,99600,1
68,97559,1
52,146630,1
68,101643,0
44,125277,1
43,28379,1
63,22194,0
68,114810,1
21,124398,1
61,91220,1
46,125957,1
58,142889,1
19,115806,0
66,27643,0
59,48690,0
27,139170,0
18,47046,0
45,56382,1
47,38605,0
65,105556,1
33,72481,1
31,114035,0
68,115998,0
32,87698,1
41,61909,1
46,64643,1
53,29349,0
51,51513,0
21,90593,0
45,61678,1
47,75552,0
38,81304,1
24,37438,0
67,120140,0
56,140698,1
68,103003,0
48,146658,1
33,60128,1
46,36736,1
49,24318,0
31,144970,1
31,73775,0
66,46877,0
48,54288,1
57,88047,1
21,61812,1
29,31691,0
61,43456,0
64,46717,0
62,128665,1
69,124595,1
48,53907,1
61,39586,0
18,59697,1
47,88744,1
42,90587,1
33,50883,0
54,66188,1
28,53053,1
69,31671,1
60,49091,1
20,138647,0
50,144901,1
34,25421,1
58,145949,1
33,129013,1
52,38090,0
35,145032,0
25,139054,1
36,98875,1
61,149012,0
62,92803,0
29,74766,0
33,97306,0
49,27736,0
26,103684,0
54,122790,1
36,39385,0
23,64167,0
41,110050,0
22,116014,0
47,142480,0
21,76298,1
58,40828,1
42,148761,1
67,117749,1
18,139856,0
31,90167,1
60,111836,1
56,61666,0
34,90700,1
57,138973,1
67,40092,0
49,95463,1
33,99036,1
36,31040,0
38,54141,1
46,41105,0
60,60602,0
69,121878,1
18,28875,1
69,75076,1
42,141689,1
40,93988,0
45,68312,1
28,97787,1
67,127145,1
43,78132,0
30,36173,1
61,147868,1
54,69192,1
26,107647,1
29,81968,0
69,32363,1
69,61408,1
42,74049,1
22,131176,0
22,42885,1
48,23414,0
47,96928,0
46,27383,0
32,64322,1
54,57895,1
38,116492,0
60,67787,0
37,139043,1
43,123845,0
51,128497,1
20,148550,1
42,149596,1
18,78751,0
55,79571,1
32,28123,0
36,96437,1
61,116980,1
49,23759,0
18,86165,1
45,109145,1
36,100585,1
59,102423,1
23,100503,1
20,123196,0
46,121264,0
58,26794,0
22,78511,0
30,146204,0
61,139334,1
29,87184,1
59,89131,1
42,92046,0
23,121134,0
65,33491,1
31,56047,1
43,141117,0
67,44009,1
45,20502,0
39,123040,1
59,92239,0
27,95496,0
63,113248,1
45,37259,0
38,29249,0
22,67057,0
21,64270,0
28,124492,0
38,49083,1
37,117237,0
20,82376,0
51,42081,0
47,27107,1
49,103219,1
43,102285,1
29,135154,0
31,105024,1
64,121181,1
26,27133,1
67,91982,0
47,70240,1
34,96937,0
61,102826,1
63,124920,0
40,46961,0
64,22586,1
35,61322,1
22,103963,1
29,113329,1
50,50345,0
41,84231,1
55,40305,0
43,105791,1
22,96225,0
20,38401,0
37,105059,0
53,84788,1
64,30627,1
69,78233,1
61,26158,0
47,30334,0
30,117113,1
69,75361,1
44,30669,1
27,62836,0
66,82575,1
57,22356,0
34,110653,1
57,81190,0
63,139203,0
42,114053,1
41,95363,1
47,79875,1
21,67850,0
18,128909,0
46,86737,1
31,127949,0
60,94040,1
65,130989,1
59,43102,0
41,135284,1
28,39041,0
34,141715,1
47,124938,1
34,46092,0
66,35762,0
25,128163,1
64,97697,1
64,112494,1
20,79165,0
56,49254,0
31,87858,0
56,85346,1
61,117883,1
19,47818,0
54,110522,0
49,94168,1
49,102223,1
50,62462,1
30,116110,0
48,73854,1
24,79413,0
36,48550,1
37,113852,1
51,47924,0
57,42952,0
63,126934,1
52,69929,1
69,51972,1
37,30301,0
19,132071,1
67,45017,1
38,82558,1
45,104595,1
38,46801,0
42,60038,1
62,45029,0
55,124686,1
67,35543,0
60,75922,1
65,119379,0
25,64206,0
27,108984,1
42,139681,1
34,86351,0
42,81617,1
60,21605,1
61,92385,1
37,137576,1
37,88286,1
42,146732,1
41,126245,0
19,73865,0
51,92412,1
22,20453,0
19,114244,0
18,113625,0
32,121711,1
30,86243,0
40,82704,0
40,37224,1
22,71730,0
59,147116,0
21,109540,0
20,139952,1
21,136528,1
43,36578,1
37,132263,1
25,47812,0
51,102995,1
26,70304,1
22,116943,0
48,74695,0
64,117601,0
52,20000,1
53,107483,1
61,46388,1
53,72500,1
22,55671,0
28,122846,0
40,119318,1
61,121396,1
65,105160,0
39,141677,0
50,108270,1
47,76908,0
66,129266,1
66,106241,1
69,47876,0
54,113493,1
60,55546,1
27,94662,0
54,75663,1
51,98034,1
67,33894,0
42,28575,1
39,30386,0
24,139417,1
47,140397,0
68,147225,1
27,36500,1
20,50924,0
34,82732,1
53,110689,1
27,70786,1
39,67058,1
21,82846,1
58,46423,0
22,113229,1
40,52339,1
60,118873,1
19,56854,0
31,59913,1
19,38102,1
57,49482,1
46,139969,1
25,134666,0
33,52654,1
45,67741,0
45,143300,0
20,25171,0
52,81170,1
45,149737,0
58,61994,1
65,74853,0
43,80795,1
43,48677,0
38,31618,0
38,88896,1
64,78139,1
59,97999,1
62,24960,0
42,46539,0
33,132502,1
59,112295,1
25,73276,0
50,100791,0
43,51823,0
22,63393,0
41,92594,1
56,105052,1
20,22890,0
66,112557,0
40,57471,0
61,83013,1
60,139904,1
58,119272,1
47,50206,0
27,144519,0
22,137079,0
26,122131,0
57,99006,1
54,118032,1
59,52556,1
53,22422,0
42,35304,1
62,74724,1
44,146372,0
26,71866,1
69,57903,0
61,128281,0
45,100107,0
58,65361,0
55,54294,1
62,135341,1
23,67923,0
62,38904,1
68,95396,1
39,92292,1
64,77871,1
65,121564,1
43,106716,0
63,100147,1
25,48481,1
44,23084,0
50,77813,1
23,83059,0
56,41538,0
36,89092,0
31,143715,1
30,111681,0
22,134771,0
59,110249,1
23,138336,0
45,75965,1
40,65627,1
40,99819,1
68,120866,1
50,55342,0
56,106185,1
31,96183,1
50,81338,1
65,139934,1
57,138318,1
61,122126,0
62,50464,1
54,52237,1
56,127489,1
33,73247,1
68,146648,1
51,54829,1
23,34108,0
69,107892,1
22,145499,1
46,90712,0
42,55418,0
43,82613,1
61,137450,0
54,57092,1
26,57650,1
25,92722,0
55,134310,0
39,123100,1
57,90603,1
52,25749,1
29,31251,0
54,22609,0
41,99816,0
38,102384,1
61,84583,0
24,35734,0
57,50065,1
25,121120,0
19,100844,0
37,46988,1
39,118182,0
48,39778,0
41,76317,1
20,129202,0
28,125649,0
60,73888,0
65,38355,1
54,83574,1
68,133946,1
34,46051,0
45,114654,1
62,142392,1
60,122375,0
62,148360,1
66,31454,0
46,39300,0
45,105572,1
29,68435,1
34,68872,1
27,47987,1
41,32369,0
24,61479,0
36,44939,1
63,54342,0
55,109774,0
59,44587,1
18,99969,0
39,68542,1
34,125995,1
54,81480,0
54,38201,0
67,72274,1
69,140156,1
43,115627,1
62,62218,1
53,58708,1
56,43603,0
33,60984,1
25,140876,0
28,38484,0
51,81456,1
39,129534,0
35,98579,0
32,76980,0
35,75313,1
69,78079,1
64,66247,1
50,74044,1
20,117086,0
32,129696,1
34,116483,0
54,54723,1
32,54709,1
65,100859,1
35,92567,1
45,25654,1
53,148905,1
37,145818,0
59,46887,1
36,145929,1
61,22267,0
26,102298,1
24,29441,0
45,145708,0
67,111798,1
29,59389,1
35,59698,1
63,146827,0
59,59090,0
64,115511,1
63,130101,1
